{"stats":{"minecraft:crafted":{"minecraft:cherry_planks":36,"minecraft:oak_planks":16,"minecraft:cooked_porkchop":2,"minecraft:crafting_table":2,"minecraft:wooden_pickaxe":1,"minecraft:furnace":2,"minecraft:stone_axe":1,"minecraft:cooked_mutton":4,"minecraft:air":0,"minecraft:stick":8,"minecraft:stone_pickaxe":1,"minecraft:wooden_axe":1,"minecraft:acacia_planks":44},"minecraft:custom":{"minecraft:interact_with_smithing_table":1,"minecraft:interact_with_furnace":5,"minecraft:mob_kills":1,"minecraft:interact_with_crafting_table":4,"minecraft:bell_ring":2,"minecraft:damage_dealt_resisted":0,"minecraft:leave_game":1,"minecraft:time_since_death":22119,"minecraft:sleep_in_bed":8,"minecraft:climb_one_cm":2472,"minecraft:damage_resisted":0,"minecraft:time_since_rest":14151,"minecraft:sprint_one_cm":432161,"minecraft:damage_taken":3281,"minecraft:walk_one_cm":189208,"minecraft:drop":11,"minecraft:damage_dealt":1268,"minecraft:talked_to_villager":1,"minecraft:swim_one_cm":64490,"minecraft:fly_one_cm":2956340,"minecraft:open_chest":19,"minecraft:crouch_one_cm":10154,"minecraft:play_time":72947,"tombstone:undead_killed":1,"minecraft:deaths":11,"minecraft:sneak_time":4243,"minecraft:walk_under_water_one_cm":4530,"minecraft:jump":2288,"minecraft:walk_on_water_one_cm":15239,"minecraft:interact_with_smoker":3,"minecraft:total_world_time":72947,"minecraft:fall_one_cm":55505},"minecraft:mined":{"butchersdelight:hookedpigp_3":2,"minecraft:glass_pane":2,"minecraft:acacia_leaves":1,"minecraft:white_bed":4,"twilightforest:twilight_oak_stairs":4,"iceandfire:silver_ore":3,"supplementaries:book_pile":1,"minecraft:cherry_log":9,"minecraft:crafting_table":3,"minecraft:torch":1,"minecraft:acacia_log":8,"minecraft:grass_block":8,"minecraft:melon":6,"minecraft:chest":2,"minecraft:campfire":4,"minecraft:tall_grass":21,"butchersdelight:deadpigblock":1,"minecraft:pink_petals":13,"minecraft:furnace":1,"minecraft:acacia_fence_gate":1,"minecraft:fire":6,"twilightforest:naga_trophy":4,"minecraft:acacia_wood":3,"twilightforest:twilight_oak_leaves":1,"boh:dvdburner":1,"minecraft:yellow_bed":1,"minecraft:grass":200,"minecraft:coal_ore":47,"minecraft:oak_log":4,"boh:analog_television":1,"minecraft:cherry_leaves":1,"minecraft:gravel":14,"minecraft:dirt":1,"minecraft:pink_tulip":1,"cfm:white_sofa":3,"minecraft:stone":37,"minecraft:fern":3,"minecraft:oak_leaves":4,"twilightforest:twilight_oak_door":3,"minecraft:orange_bed":4},"minecraft:picked_up":{"minecraft:charcoal":8,"minecraft:pink_petals":40,"minecraft:crafting_table":3,"minecraft:chicken":8,"minecraft:ladder":9,"minecraft:clay_ball":9,"alexsmobs:acacia_blossom":1,"minecraft:lead":2,"twilightforest:naga_trophy":5,"minecraft:acacia_wood":3,"minecraft:potato":8,"minecraft:flint":2,"minecraft:enchanted_book":2,"butchersdelight:deadpig":4,"minecraft:oak_log":4,"minecraft:golden_sword":1,"minecraft:yellow_bed":1,"minecraft:brick":8,"farmersdelight:tomato":6,"minecraft:dirt":12,"minecraft:bone":4,"minecraft:acacia_planks":42,"minecraft:wheat_seeds":20,"minecraft:gold_nugget":2,"minecraft:acacia_fence_gate":1,"farmersdelight:straw":3,"minecraft:written_book":3,"twilightforest:naga_scale":30,"minecraft:melon_slice":31,"minecraft:chest":2,"minecraft:furnace":1,"cfm:white_sofa":4,"minecraft:stick":20,"minecraft:torch":1,"minecraft:acacia_log":8,"minecraft:gravel":12,"minecraft:porkchop":2,"minecraft:sand":16,"minecraft:cherry_log":9,"minecraft:carrot":5,"minecraft:white_bed":3,"minecraft:rotten_flesh":2,"minecraft:orange_bed":3,"minecraft:arrow":1,"twilightforest:twilight_oak_stairs":3,"twilightforest:twilight_oak_door":7,"minecraft:pink_tulip":1,"mowziesmobs:umvuthana_mask_fear":1,"supplementaries:ash":12,"butchersdelight:hook":2,"minecraft:coal":74,"iceandfire:chared_gravel":4,"iceandfire:raw_silver":3,"minecraft:cobblestone":38},"minecraft:dropped":{"minecraft:wheat_seeds":3,"alexsmobs:acacia_blossom":1,"cfm:white_sofa":1,"farmersdelight:straw":2,"minecraft:stick":2,"minecraft:chest":2},"minecraft:killed":{"minecraft:skeleton":1},"minecraft:killed_by":{"minecraft:player":3,"twilightforest:skeleton_druid":1,"minecraft:skeleton":1,"alexsmobs:kangaroo":1,"alexsmobs:elephant":2,"alexsmobs:tiger":2},"minecraft:used":{"twilightforest:naga_trophy":5,"minecraft:pink_tulip":1,"minecraft:flint_and_steel":64,"twilightforest:twilight_oak_door":4,"minecraft:stone_pickaxe":87,"minecraft:oak_planks":10,"minecraft:wooden_pickaxe":10,"butchersdelight:hook":2,"twilightforest:twilight_oak_stairs":3,"minecraft:orange_bed":2,"minecraft:dirt":5,"farmersdelight:flint_knife":2,"minecraft:crafting_table":3,"minecraft:carrot":6,"minecraft:white_bed":4,"minecraft:wooden_axe":18,"farmersdelight:tomato":4,"cfm:white_sofa":3,"minecraft:chicken":8,"minecraft:melon_slice":16,"minecraft:gravel":12,"mowziesmobs:umvuthana_mask_rage":1,"minecraft:enchanted_book":1,"minecraft:stone_axe":31,"minecraft:golden_sword":20,"minecraft:goat_horn":1,"minecraft:cooked_porkchop":1,"minecraft:furnace":3,"tombstone:gift":2,"minecraft:yellow_bed":1,"minecraft:potato":14,"minecraft:acacia_planks":12,"minecraft:smooth_stone":1},"minecraft:broken":{"minecraft:flint_and_steel":1}},"DataVersion":3465}