{"stats":{"minecraft:killed":{"boh:raatma":1,"twilightforest:boar":2,"minecraft:cave_spider":7,"minecraft:skeleton":50,"mowziesmobs:umvuthana_crane":24,"alexsmobs:centipede_head":1,"boh:rat":1,"minecraft:pillager":2,"minecraft:zombie":145,"mutantmonsters:mutant_creeper":1,"minecraft:evoker":4,"minecraft:vindicator":14,"boh:ratazana":9,"iceandfire:cyclops":1,"minecraft:enderman":2,"twilightforest:bighorn_sheep":11,"minecraft:witch":2,"minecraft:spider":22,"boh:lifeform":1,"alexsmobs:grizzly_bear":1,"minecraft:zombie_villager":2,"irons_spellbooks:necromancer":3,"minecraft:creeper":2,"minecraft:sheep":26,"alexsmobs:fly":1,"mowziesmobs:umvuthana_raptor":1,"minecraft:vex":5,"irons_spellbooks:summoned_zombie":1,"iceandfire:fire_dragon":1,"minecraft:drowned":2,"mowziesmobs:umvuthana":10,"minecraft:bat":2,"mowziesmobs:umvuthana_follower_raptor":6,"minecraft:squid":12,"alexsmobs:emu":2,"alexsmobs:gazelle":5,"mutantmonsters:mutant_zombie":1,"minecraft:villager":1},"minecraft:crafted":{"minecraft:black_dye":26,"minecraft:smooth_stone":6,"supplementaries:soap":18,"farmersdelight:rope":72,"minecraft:bookshelf":60,"minecraft:cooked_mutton":93,"cfm:stripped_spruce_kitchen_sink_light":2,"butchersdelight:rack":6,"minecraft:glass":11,"iceandfire:copper_axe":2,"cfm:white_sofa":6,"minecraft:melon_seeds":1,"iceandfire:armor_copper_metal_chestplate":4,"minecraft:cooked_rabbit":1,"cfm:spruce_kitchen_drawer":8,"iceandfire:armor_gray_boots":1,"minecraft:wooden_shovel":1,"minecraft:cooked_porkchop":123,"farmersdelight:iron_knife":1,"farmersdelight:flint_knife":1,"farmersdelight:egg_sandwich":1,"cfm:spruce_kitchen_counter":16,"minecraft:copper_ingot":211,"farmersdelight:smoked_ham":34,"iceandfire:earplugs":1,"minecraft:campfire":2,"farmersdelight:organic_compost":21,"iceandfire:armor_gray_chestplate":1,"tombstone:white_marble":3,"minecraft:wooden_hoe":1,"usefulbackpacks:backpack_large":2,"minecraft:iron_pickaxe":6,"minecraft:gold_ingot":146,"minecraft:light_gray_dye":2,"minecraft:stone_shovel":1,"minecraft:iron_nugget":81,"minecraft:tinted_glass":2,"iceandfire:armor_copper_metal_leggings":3,"cfm:spatula":1,"cfm:gray_kitchen_drawer":8,"minecraft:bone_meal":159,"iceandfire:armor_copper_metal_helmet":3,"cfm:fridge_light":1,"minecraft:black_concrete_powder":96,"twilightforest:twilight_oak_planks":980,"minecraft:spruce_slab":12,"minecraft:stone_pickaxe":3,"farmersdelight:rice":2,"twilightforest:canopy_planks":8,"cfm:stripped_spruce_coffee_table":8,"mowziesmobs:spear":2,"minecraft:dark_oak_planks":96,"cfm:gray_kitchen_counter":16,"cfm:stripped_spruce_kitchen_sink_dark":2,"boh:dvdburner":1,"minecraft:gray_concrete_powder":8,"farmersdelight:cooking_pot":1,"minecraft:acacia_stairs":8,"minecraft:wooden_axe":1,"minecraft:iron_shovel":3,"minecraft:white_bed":4,"farmersdelight:diamond_knife":1,"minecraft:brick":128,"minecraft:oak_planks":124,"minecraft:cooked_chicken":9,"cfm:stripped_spruce_chair":4,"usefulbackpacks:backpack_small":2,"twilightforest:twilight_oak_boat":3,"minecraft:stone":20,"twilightforest:firefly_jar":1,"iceandfire:armor_copper_metal_boots":2,"minecraft:white_concrete":12,"tombstone:grave_key":4,"minecraft:chest":20,"minecraft:oak_button":1,"twilightforest:naga_leggings":1,"boh:analog_television":1,"minecraft:bricks":8,"iceandfire:manuscript":32,"minecraft:smoker":2,"farmersdelight:stove":2,"farmersdelight:tomato_seeds":9,"supplementaries:rope_arrow":5,"minecraft:oak_slab":6,"minecraft:crafting_table":18,"minecraft:spruce_planks":200,"cfm:black_kitchen_sink":2,"minecraft:wooden_pickaxe":3,"minecraft:baked_potato":8,"tombstone:decorative_grave_simple":1,"twilightforest:twilight_oak_slab":24,"butchersdelight:cleaver":3,"minecraft:birch_planks":24,"iceandfire:copper_sword":1,"farmersdelight:skillet":1,"farmersdelight:cutting_board":2,"minecraft:iron_chestplate":1,"minecraft:diamond_pickaxe":2,"minecraft:charcoal":5,"minecraft:stick":128,"minecraft:iron_ingot":148,"minecraft:stone_sword":1,"minecraft:shears":4,"minecraft:wooden_sword":1,"minecraft:raw_iron":9,"iceandfire:armor_gray_leggings":1,"cfm:stripped_spruce_table":12,"minecraft:blast_furnace":2,"minecraft:furnace":5,"minecraft:stone_button":1,"minecraft:gray_dye":28,"minecraft:oak_trapdoor":4,"minecraft:glass_pane":16,"minecraft:iron_axe":5,"usefulbackpacks:backpack_medium":2,"minecraft:cooked_beef":54,"cfm:stripped_spruce_bedside_cabinet":2,"minecraft:diamond_sword":1,"iceandfire:silver_ingot":18,"minecraft:spruce_sign":3,"butchersdelight:hook":13,"twilightforest:twilight_oak_stairs":80,"minecraft:iron_sword":2,"minecraft:bowl":16,"minecraft:bucket":5,"minecraft:stone_axe":1,"minecraft:acacia_boat":1,"minecraft:air":0,"minecraft:jungle_planks":8,"tombstone:decorative_grave_cross":1,"minecraft:oak_boat":1,"minecraft:white_wool":1,"minecraft:white_dye":18,"minecraft:raw_gold":9,"tombstone:dark_marble":7,"minecraft:stonecutter":1,"minecraft:acacia_planks":312,"minecraft:torch":276,"farmersdelight:straw_bale":1},"minecraft:used":{"alexsmobs:emu_egg":1,"minecraft:moss_block":45,"twilightforest:spiral_bricks":2,"minecraft:ladder":4,"minecraft:spruce_slab":15,"farmersdelight:cabbage_seeds":43,"minecraft:poppy":3,"minecraft:chest":19,"minecraft:rotten_flesh":5,"iceandfire:armor_gray_leggings":1,"mowziesmobs:umvuthana_mask_bliss":5,"minecraft:lily_of_the_valley":5,"minecraft:allium":1,"minecraft:acacia_sapling":5,"minecraft:stripped_spruce_log":45,"minecraft:azure_bluet":7,"minecraft:lava_bucket":1,"minecraft:grass_block":1,"boh:dvdburner":1,"minecraft:birch_sapling":3,"twilightforest:twilight_oak_planks":1457,"farmersdelight:rotten_tomato":3,"minecraft:dark_oak_slab":15,"mowziesmobs:spear":71,"supplementaries:bomb_blue":1,"minecraft:furnace":10,"minecraft:sweet_berries":15,"supplementaries:ash":3,"mutantmonsters:hulk_hammer":80,"minecraft:oak_sapling":3,"cfm:stripped_spruce_kitchen_sink_light":1,"minecraft:acacia_fence":2,"minecraft:egg":2,"minecraft:potato":1,"minecraft:damaged_anvil":1,"cfm:spruce_kitchen_drawer":7,"minecraft:orange_tulip":3,"minecraft:blackstone":18,"irons_spellbooks:tarnished_helmet":1,"minecraft:wooden_pickaxe":28,"minecraft:composter":1,"butchersdelight:skullcow":5,"minecraft:golden_apple":2,"minecraft:sand":1,"minecraft:pitcher_pod":1,"minecraft:blast_furnace":2,"minecraft:acacia_leaves":6,"farmersdelight:rice":10,"minecraft:black_concrete_powder":99,"minecraft:deepslate_brick_stairs":186,"cfm:gray_kitchen_drawer":13,"twilightforest:mushgloom":1,"minecraft:wooden_sword":61,"minecraft:diamond_sword":667,"farmersdelight:straw_bale":2,"minecraft:birch_log":5,"minecraft:oak_boat":4,"supplementaries:soap":1,"minecraft:oak_trapdoor":4,"minecraft:stone_sword":98,"minecraft:acacia_log":14,"iceandfire:armor_copper_metal_leggings":2,"minecraft:tinted_glass":4,"cfm:stripped_spruce_coffee_table":8,"minecraft:netherrack":4,"minecraft:orange_bed":2,"minecraft:torch":331,"farmersdelight:flint_knife":52,"iceandfire:copper_sword":26,"boh:analog_television":1,"butchersdelight:cleaver":10,"minecraft:iron_axe":1500,"iceandfire:copper_axe":394,"mutantmonsters:creeper_shard":173,"twilightforest:canopy_fence":7,"cfm:gray_kitchen_counter":14,"minecraft:totem_of_undying":2,"minecraft:diamond_chestplate":1,"minecraft:tall_grass":1,"cfm:fridge_light":1,"farmersdelight:tomato_seeds":24,"tombstone:gift":15,"farmersdelight:cooking_pot":1,"iceandfire:armor_gray_chestplate":1,"minecraft:cobbled_deepslate":130,"minecraft:acacia_planks":109,"minecraft:pointed_dripstone":1,"minecraft:wheat_seeds":113,"farmersdelight:iron_knife":283,"minecraft:water_bucket":76,"twilightforest:twilight_oak_slab":28,"minecraft:birch_planks":3,"minecraft:cauldron":2,"iceandfire:dragon_skull_lightning":8,"minecraft:deepslate_bricks":537,"minecraft:cracked_stone_bricks":5,"iceandfire:chared_dirt":1,"twilightforest:twilight_oak_sapling":30,"minecraft:rail":7,"minecraft:orange_carpet":8,"minecraft:crafting_table":41,"minecraft:oak_slab":10,"minecraft:white_bed":17,"minecraft:spruce_log":24,"minecraft:cornflower":7,"minecraft:diamond_pickaxe":1993,"minecraft:oxeye_daisy":12,"cfm:white_sofa":24,"minecraft:sunflower":1,"minecraft:oak_button":1,"minecraft:iron_pickaxe":1491,"twilightforest:firefly_jar":4,"minecraft:spruce_trapdoor":23,"minecraft:spruce_sapling":13,"minecraft:chiseled_stone_bricks":1,"minecraft:cobblestone":141,"farmersdelight:egg_sandwich":1,"minecraft:cooked_porkchop":59,"mowziesmobs:umvuthana_mask_fury":2,"minecraft:glass_pane":14,"minecraft:dandelion":11,"minecraft:moss_carpet":8,"minecraft:iron_shovel":741,"twilightforest:twilight_oak_door":8,"minecraft:shield":26,"farmersdelight:stove":2,"butchersdelight:hook":26,"minecraft:iron_sword":858,"twilightforest:twilight_oak_stairs":89,"cfm:stripped_spruce_chair":9,"minecraft:grass":1,"minecraft:iron_chestplate":2,"minecraft:carrot":13,"minecraft:tuff":53,"minecraft:glass":24,"tombstone:decorative_grave_simple":1,"minecraft:bricks":2,"mowziesmobs:umvuthana_mask_faith":2,"minecraft:lantern":2,"minecraft:blue_orchid":8,"cfm:stripped_spruce_bedside_cabinet":2,"minecraft:iron_helmet":1,"minecraft:dark_oak_wood":4,"minecraft:mossy_cobblestone_slab":1,"minecraft:gray_concrete_powder":8,"minecraft:stone_bricks":104,"iceandfire:earplugs":2,"farmersdelight:cutting_board":4,"minecraft:mangrove_roots":2,"minecraft:gray_bed":5,"iceandfire:podium_acacia":1,"minecraft:stone_pickaxe":275,"minecraft:oak_planks":32,"tombstone:decorative_grave_cross":1,"farmersdelight:organic_compost":39,"minecraft:white_wool":1,"minecraft:light_gray_terracotta":1,"minecraft:dripstone_block":2,"minecraft:shears":7,"waystones:waystone":4,"cfm:stripped_spruce_kitchen_sink_dark":2,"iceandfire:armor_copper_metal_chestplate":3,"minecraft:dark_oak_log":1,"minecraft:bread":36,"minecraft:string":1,"tombstone:grave_key":64,"minecraft:iron_door":3,"minecraft:gravel":4,"twilightforest:twilight_oak_boat":8,"minecraft:coarse_dirt":22,"minecraft:bone_meal":53,"minecraft:golden_pickaxe":112,"twilightforest:canopy_planks":2,"minecraft:azalea":1,"farmersdelight:diamond_knife":292,"minecraft:white_tulip":15,"mowziesmobs:umvuthana_mask_misery":6,"minecraft:stone_shovel":131,"cfm:spruce_kitchen_counter":16,"cfm:stripped_spruce_table":21,"farmersdelight:rich_soil":45,"minecraft:cooked_chicken":8,"iceandfire:armor_copper_metal_boots":1,"minecraft:dirt":322,"minecraft:cobblestone_wall":3,"minecraft:golden_chestplate":1,"minecraft:granite":134,"farmersdelight:rope":81,"minecraft:brown_terracotta":3,"minecraft:wooden_axe":27,"minecraft:bookshelf":60,"minecraft:red_tulip":1,"minecraft:iron_boots":4,"iceandfire:armor_copper_metal_helmet":7,"minecraft:cooked_beef":32,"minecraft:iron_leggings":1,"minecraft:cooked_mutton":37,"minecraft:pink_tulip":17,"minecraft:acacia_boat":3,"tombstone:scroll_of_knowledge":1,"iceandfire:fire_dragon_flesh":1,"minecraft:cobblestone_stairs":1,"farmersdelight:skillet":4,"cfm:black_kitchen_sink":5,"minecraft:polished_andesite":1,"minecraft:baked_potato":17,"minecraft:spruce_sign":3,"minecraft:stonecutter":3,"farmersdelight:onion":22,"minecraft:terracotta":4,"tombstone:bag_of_seeds":3,"minecraft:smoker":11,"farmersdelight:smoked_ham":9,"minecraft:flower_pot":7,"minecraft:wooden_hoe":45,"minecraft:acacia_stairs":8,"minecraft:apple":4,"twilightforest:naga_leggings":2,"minecraft:chicken":1,"mowziesmobs:sol_visage":1,"minecraft:stone_axe":78,"minecraft:pink_petals":2,"minecraft:bucket":82,"alexsmobs:animal_dictionary":1,"butchersdelight:rack":14,"irons_spellbooks:inscription_table":4,"iceandfire:lectern":3},"minecraft:custom":{"minecraft:interact_with_crafting_table":278,"minecraft:open_barrel":58,"minecraft:leave_game":34,"minecraft:time_since_death":108,"minecraft:damage_blocked_by_shield":585,"minecraft:play_time":1707943,"minecraft:deaths":180,"tombstone:tomb_raiding":2,"minecraft:jump":23013,"minecraft:interact_with_furnace":134,"minecraft:traded_with_villager":8,"minecraft:sleep_in_bed":26,"minecraft:waystone_activated":8,"tombstone:sneak_grave":1,"minecraft:damage_dealt":90068,"tombstone:undead_killed":204,"minecraft:interact_with_smoker":97,"minecraft:inspect_dispenser":1,"minecraft:inspect_hopper":2,"minecraft:sneak_time":49646,"minecraft:interact_with_lectern":2,"minecraft:interact_with_blast_furnace":48,"minecraft:total_world_time":1707943,"tombstone:raider_killed":22,"minecraft:interact_with_stonecutter":24,"minecraft:time_since_rest":1,"minecraft:swim_one_cm":136540,"minecraft:fly_one_cm":15141014,"minecraft:open_chest":543,"minecraft:fall_one_cm":512533,"minecraft:damage_resisted":553,"minecraft:sprint_one_cm":3658177,"minecraft:drop":482,"minecraft:talked_to_villager":16,"minecraft:walk_on_water_one_cm":193927,"minecraft:player_kills":6,"minecraft:crouch_one_cm":108780,"tombstone:villager_killed":1,"minecraft:mob_kills":391,"minecraft:damage_dealt_resisted":790,"minecraft:climb_one_cm":40322,"minecraft:walk_one_cm":4492343,"minecraft:walk_under_water_one_cm":79664,"minecraft:boat_one_cm":1011052,"minecraft:damage_taken":62735,"minecraft:damage_absorbed":162},"minecraft:broken":{"aether:golden_gloves":1,"twilightforest:naga_leggings":1,"minecraft:iron_boots":2,"minecraft:iron_chestplate":1,"mowziesmobs:umvuthana_mask_fury":1,"minecraft:diamond_pickaxe":1,"minecraft:wooden_sword":1,"minecraft:iron_sword":4,"iceandfire:copper_axe":2,"iceandfire:armor_gray_boots":1,"minecraft:stone_sword":1,"minecraft:diamond_leggings":1,"aether:iron_gloves":1,"minecraft:shield":1,"iceandfire:armor_copper_metal_leggings":1,"mowziesmobs:spear":1,"minecraft:iron_axe":6,"minecraft:iron_pickaxe":6,"mutantmonsters:hulk_hammer":1,"minecraft:golden_helmet":1,"minecraft:iron_shovel":3,"irons_spellbooks:tarnished_helmet":1,"minecraft:stone_pickaxe":1,"iceandfire:armor_gray_chestplate":1,"iceandfire:armor_gray_leggings":1,"minecraft:stone_shovel":1,"minecraft:diamond_sword":1,"minecraft:golden_chestplate":1,"iceandfire:armor_copper_metal_helmet":2,"minecraft:diamond_chestplate":1,"iceandfire:earplugs":1,"minecraft:golden_pickaxe":3,"iceandfire:armor_copper_metal_chestplate":1,"iceandfire:armor_copper_metal_boots":1},"minecraft:picked_up":{"minecraft:iron_chestplate":2,"minecraft:flower_pot":2,"twilightforest:naga_trophy":1,"minecraft:lead":2,"minecraft:diamond_sword":1,"farmersdelight:rice_panicle":2,"minecraft:enchanted_book":4,"farmersdelight:cutting_board":2,"minecraft:string":143,"twilightforest:time_fence":4,"butchersdelight:cleaver":2,"minecraft:beetroot":3,"alexsmobs:emu_feather":2,"minecraft:diamond_leggings":1,"minecraft:gold_nugget":983,"minecraft:cobbled_deepslate":973,"minecraft:spruce_planks":13,"minecraft:written_book":3,"cfm:stripped_spruce_chair":5,"minecraft:melon_slice":4,"minecraft:golden_helmet":1,"minecraft:composter":1,"minecraft:acacia_log":102,"twilightforest:cracked_etched_nagastone":40,"minecraft:rabbit_foot":2,"minecraft:golden_chestplate":1,"alexsmobs:centipede_leg":1,"minecraft:cauldron":2,"minecraft:orange_bed":2,"iceandfire:lightning_lily":1,"minecraft:stone_sword":2,"twilightforest:twilight_oak_stairs":20,"minecraft:light_blue_wool":1,"farmersdelight:onion":43,"cfm:gray_kitchen_counter":14,"iceandfire:fire_dragon_heart":1,"minecraft:red_tulip":1,"farmersdelight:rope":35,"minecraft:white_terracotta":2,"supplementaries:quiver":1,"supplementaries:ash":63,"cfm:black_kitchen_sink":4,"minecraft:iron_bars":2,"minecraft:birch_log":15,"minecraft:magma_block":6,"minecraft:mossy_cobblestone_slab":1,"minecraft:feather":59,"farmersdelight:rice":14,"minecraft:iron_door":3,"minecraft:water_bucket":2,"minecraft:brown_wool":6,"minecraft:acacia_leaves":8,"minecraft:smoker":10,"butchersdelight:deadpig":32,"minecraft:flint":14,"minecraft:magenta_bed":2,"minecraft:gray_concrete":8,"farmersdelight:tomato":78,"minecraft:lantern":3,"twilightforest:twilight_oak_slab":12,"minecraft:stonecutter":2,"cfm:spruce_kitchen_counter":2,"minecraft:rabbit":1,"minecraft:moss_block":123,"minecraft:pitcher_pod":1,"twilightforest:mushgloom":1,"butchersdelight:skullcow":20,"iceandfire:dragon_skull_fire":1,"iceandfire:shiny_scales":1,"twilightforest:canopy_log":2,"minecraft:stripped_spruce_log":121,"minecraft:ink_sac":38,"minecraft:acacia_stairs":9,"minecraft:dark_oak_log":25,"minecraft:bundle":4,"minecraft:polished_andesite":5,"minecraft:black_concrete_powder":3,"twilightforest:twilight_oak_door":8,"twilightforest:canopy_planks":2,"iceandfire:lectern":3,"minecraft:granite":240,"minecraft:chainmail_helmet":1,"minecraft:bread":2,"alexsmobs:maggot":2,"minecraft:rooted_dirt":6,"minecraft:bricks":2,"iceandfire:raw_silver":54,"minecraft:diamond_pickaxe":1,"iceandfire:dragon_skull_lightning":10,"minecraft:crafting_table":35,"minecraft:coarse_dirt":72,"minecraft:clay_ball":341,"minecraft:golden_pickaxe":1,"irons_spellbooks:tarnished_helmet":2,"minecraft:cornflower":9,"minecraft:iron_shovel":2,"butchersdelight:dead_cow":32,"butchersdelight:deadrabbitbrown":1,"minecraft:cracked_stone_bricks":62,"usefulbackpacks:backpack_small":1,"minecraft:beef":106,"cfm:stripped_spruce_table":9,"minecraft:cyan_wool":1,"twilightforest:naga_scale":23,"minecraft:iron_nugget":25,"minecraft:poppy":6,"minecraft:spruce_slab":3,"minecraft:chest":4,"minecraft:birch_sapling":3,"minecraft:egg":7,"cfm:white_sofa":21,"reliquary:rib_bone":1,"farmersdelight:tomato_seeds":16,"minecraft:carrot":25,"minecraft:redstone":152,"twilightforest:firefly":15,"mutantmonsters:creeper_shard":1,"mowziesmobs:umvuthana_mask_faith":8,"minecraft:tnt":4,"butchersdelight:deadsheep":42,"minecraft:diamond_chestplate":3,"minecraft:beetroot_seeds":12,"minecraft:deepslate_bricks":97,"minecraft:yellow_terracotta":1,"mowziesmobs:umvuthana_mask_bliss":7,"tombstone:essence_of_undeath":2,"minecraft:gold_ingot":14,"minecraft:totem_of_undying":3,"minecraft:glow_berries":2,"minecraft:mutton":143,"minecraft:white_wool":78,"minecraft:rail":8,"minecraft:oxeye_daisy":31,"farmersdelight:straw_bale":1,"alexsmobs:acacia_blossom":2,"minecraft:red_mushroom":17,"minecraft:oak_log":33,"farmersdelight:skillet":3,"alexscaves:ambersol":1,"farmersdelight:flint_knife":2,"twilightforest:twilight_oak_boat":6,"tombstone:gift":1,"butchersdelight:deadchiken":16,"twilightforest:liveroot":1,"farmersdelight:organic_compost":18,"minecraft:stone_bricks":152,"cfm:gray_kitchen_drawer":13,"mowziesmobs:foliaath_seed":2,"minecraft:stone_pickaxe":2,"tombstone:bag_of_seeds":1,"minecraft:glass_bottle":2,"minecraft:gray_bed":5,"minecraft:iron_sword":5,"iceandfire:copper_nugget":65,"minecraft:dark_oak_slab":15,"twilightforest:nagastone_pillar":47,"minecraft:sweet_berries":40,"minecraft:gravel":207,"minecraft:spruce_sapling":3,"twilightforest:cracked_nagastone_pillar":36,"minecraft:spruce_log":55,"minecraft:purple_glazed_terracotta":3,"tombstone:scroll_of_knowledge":2,"twilightforest:raven_feather":2,"minecraft:gray_wool":1,"minecraft:warped_roots":1,"twilightforest:spiral_bricks":18,"minecraft:mangrove_propagule":1,"minecraft:ender_pearl":1,"minecraft:wheat":6,"minecraft:yellow_wool":1,"iceandfire:armor_copper_metal_chestplate":1,"boh:spinel":54,"minecraft:stone_brick_stairs":4,"tombstone:grave_key":1,"alexsmobs:gazelle_horn":3,"minecraft:raw_copper":219,"minecraft:iron_leggings":2,"minecraft:experience_bottle":1,"irons_spellbooks:arcane_essence":7,"minecraft:bucket":1,"reliquary:zombie_heart":2,"farmersdelight:cabbage":24,"minecraft:white_tulip":18,"minecraft:azalea":5,"minecraft:iron_pickaxe":3,"irons_spellbooks:inscription_table":5,"twilightforest:firefly_jar":3,"farmersdelight:cabbage_seeds":65,"minecraft:iron_boots":1,"minecraft:furnace":15,"minecraft:stick":90,"minecraft:acacia_fence":4,"farmersdelight:rotten_tomato":5,"mowziesmobs:sol_visage":4,"minecraft:brown_terracotta":3,"minecraft:torch":150,"minecraft:spruce_stairs":4,"minecraft:porkchop":147,"minecraft:pointed_dripstone":17,"tombstone:grave_dust":29,"aether:golden_gloves":1,"cfm:stripped_spruce_coffee_table":2,"mutantmonsters:hulk_hammer":1,"farmersdelight:fried_egg":2,"minecraft:rotten_flesh":140,"supplementaries:antique_ink":3,"alexsmobs:emu_egg":4,"minecraft:mangrove_roots":4,"minecraft:obsidian":21,"minecraft:deepslate_brick_stairs":21,"minecraft:cobblestone":856,"minecraft:pink_petals":2,"minecraft:leather_chestplate":1,"twilightforest:twilight_oak_log":231,"twilightforest:twilight_oak_wood":14,"minecraft:orange_carpet":13,"minecraft:potato":1,"minecraft:tuff":74,"supplementaries:flax_seeds":8,"minecraft:acacia_boat":2,"minecraft:lapis_lazuli":151,"minecraft:dirt":750,"minecraft:name_tag":2,"minecraft:leather_boots":1,"minecraft:glass":19,"minecraft:bone":139,"farmersdelight:iron_knife":1,"minecraft:acacia_planks":156,"minecraft:bow":3,"minecraft:wheat_seeds":161,"minecraft:orange_tulip":3,"minecraft:raw_gold":18,"minecraft:bamboo":18,"minecraft:oak_planks":31,"minecraft:black_terracotta":64,"minecraft:cooked_porkchop":1,"cfm:stripped_spruce_kitchen_sink_light":1,"butchersdelight:cow_hide":17,"minecraft:sand":209,"minecraft:grass_block":1,"minecraft:lily_of_the_valley":8,"farmersdelight:ham":38,"minecraft:mossy_cobblestone":1,"twilightforest:mossy_etched_nagastone":18,"minecraft:light_gray_terracotta":1,"minecraft:black_concrete":96,"twilightforest:twilight_oak_sapling":30,"minecraft:diamond":67,"waystones:waystone":4,"minecraft:crossbow":2,"minecraft:bone_meal":5,"minecraft:golden_apple":1,"minecraft:white_concrete":704,"minecraft:emerald":32,"minecraft:oak_sapling":4,"butchersdelight:hook":18,"minecraft:netherrack":4,"minecraft:andesite_slab":1,"minecraft:charcoal":6,"minecraft:allium":15,"minecraft:azure_bluet":13,"minecraft:chicken":15,"minecraft:ladder":16,"minecraft:brown_mushroom":24,"minecraft:wooden_pickaxe":3,"minecraft:pink_wool":1,"minecraft:gold_block":1,"minecraft:shield":2,"minecraft:oak_trapdoor":4,"minecraft:moss_carpet":20,"minecraft:iron_axe":7,"minecraft:item_frame":19,"reliquary:chelicerae":2,"minecraft:blackstone":28,"minecraft:blue_orchid":7,"farmersdelight:straw":115,"minecraft:oak_boat":4,"minecraft:player_head":3,"minecraft:light_gray_wool":1,"bossominium:vex_wing":7,"minecraft:tinted_glass":5,"minecraft:sugar_cane":11,"iceandfire:podium_acacia":1,"minecraft:spruce_trapdoor":23,"minecraft:lime_wool":1,"minecraft:raw_iron":178,"iceandfire:dragonbone":85,"iceandfire:dragonscales_gray":29,"twilightforest:canopy_fence":7,"minecraft:arrow":41,"twilightforest:etched_nagastone":54,"cfm:spruce_kitchen_drawer":1,"iceandfire:chared_dirt":1,"minecraft:pink_tulip":21,"minecraft:saddle":1,"mowziesmobs:umvuthana_mask_fury":1,"farmersdelight:rich_soil":45,"minecraft:basalt":1,"minecraft:glow_ink_sac":3,"minecraft:leather":100,"minecraft:birch_planks":10,"minecraft:yellow_bed":1,"minecraft:cobblestone_wall":3,"minecraft:gunpowder":4,"minecraft:cobblestone_stairs":1,"butchersdelight:rack":11,"alexscaves:amber":13,"twilightforest:twilight_oak_planks":487,"boh:kindness_flower":1,"minecraft:rabbit_hide":1,"minecraft:iron_ingot":28,"iceandfire:fire_dragon_flesh":2,"mowziesmobs:umvuthana_mask_misery":9,"minecraft:acacia_sapling":9,"minecraft:book":333,"minecraft:oak_slab":4,"minecraft:scaffolding":5,"minecraft:pumpkin":5,"minecraft:chiseled_stone_bricks":1,"iceandfire:ash":4,"minecraft:dandelion":22,"minecraft:raw_iron_block":1,"minecraft:dripstone_block":3,"minecraft:amethyst_shard":2,"minecraft:white_bed":14,"minecraft:spruce_door":3,"minecraft:spider_eye":11,"butchersdelight:sheephide":49,"minecraft:iron_helmet":2,"minecraft:stripped_jungle_wood":2,"minecraft:terracotta":132,"tombstone:magic_scroll":2,"minecraft:damaged_anvil":1,"minecraft:black_wool":2,"minecraft:dark_oak_wood":4,"minecraft:coal":429,"minecraft:sunflower":1},"minecraft:killed_by":{"minecraft:zombie_villager":1,"iceandfire:siren":1,"minecraft:pillager":1,"mowziesmobs:umvuthana_follower_raptor":2,"mutantmonsters:mutant_creeper":3,"minecraft:vindicator":13,"mowziesmobs:umvuthana":1,"minecraft:zombie":27,"alexsmobs:grizzly_bear":1,"boh:ratazana":2,"minecraft:vex":3,"irons_spellbooks:summoned_skeleton":2,"alexsmobs:centipede_head":1,"mutantmonsters:mutant_skeleton":3,"minecraft:creeper":12,"minecraft:drowned":2,"mowziesmobs:umvuthi":15,"minecraft:cave_spider":5,"mutantmonsters:creeper_minion":1,"iceandfire:fire_dragon":16,"minecraft:player":17,"minecraft:spider":1,"irons_spellbooks:necromancer":6,"minecraft:skeleton":38},"minecraft:dropped":{"boh:lifeform_effigy":1,"cfm:spruce_kitchen_drawer":2,"minecraft:iron_sword":2,"minecraft:porkchop":3,"minecraft:cooked_beef":2,"minecraft:glow_ink_sac":1,"minecraft:diamond":7,"minecraft:crafting_table":9,"minecraft:cooked_porkchop":3,"minecraft:warped_roots":1,"minecraft:rooted_dirt":6,"minecraft:cracked_stone_bricks":59,"minecraft:rail":1,"minecraft:emerald":8,"minecraft:dirt":84,"twilightforest:firefly":7,"mowziesmobs:umvuthana_mask_bliss":2,"minecraft:gold_nugget":1,"alexsmobs:emu_feather":1,"minecraft:iron_pickaxe":2,"cfm:stripped_spruce_kitchen_sink_light":2,"minecraft:bone":6,"minecraft:iron_nugget":13,"minecraft:golden_chestplate":1,"minecraft:cobbled_deepslate":6,"minecraft:tinted_glass":2,"aether:golden_gloves":1,"butchersdelight:deadsheep":1,"minecraft:wheat":1,"butchersdelight:cleaver":2,"minecraft:rotten_flesh":32,"minecraft:oak_planks":6,"minecraft:azure_bluet":4,"irons_spellbooks:inscription_table":1,"twilightforest:cracked_nagastone_pillar":36,"minecraft:ladder":6,"tombstone:scroll_of_knowledge":1,"farmersdelight:rope":6,"minecraft:leather_leggings":1,"butchersdelight:hook":1,"minecraft:beef":12,"minecraft:stone_brick_stairs":4,"minecraft:acacia_fence":2,"iceandfire:manuscript":1,"minecraft:enchanted_book":2,"minecraft:iron_ingot":1,"minecraft:wheat_seeds":28,"butchersdelight:sheephide":1,"minecraft:tnt":2,"minecraft:yellow_terracotta":1,"minecraft:iron_helmet":2,"minecraft:feather":5,"minecraft:cobblestone":66,"mowziesmobs:umvuthana_mask_fear":1,"minecraft:granite":48,"twilightforest:etched_nagastone":54,"minecraft:chainmail_helmet":1,"minecraft:coal":33,"minecraft:polished_andesite":4,"minecraft:oxeye_daisy":10,"mowziesmobs:sol_visage":1,"minecraft:gray_wool":1,"iceandfire:copper_nugget":2,"minecraft:wooden_axe":1,"twilightforest:twilight_oak_planks":7,"minecraft:string":2,"minecraft:acacia_planks":3,"cfm:spruce_kitchen_counter":2,"minecraft:pink_tulip":4,"minecraft:furnace":4,"minecraft:moss_carpet":11,"minecraft:stone_sword":2,"minecraft:chicken":1,"minecraft:clay_ball":49,"minecraft:iron_boots":1,"farmersdelight:straw":1,"minecraft:name_tag":1,"minecraft:cobblestone_slab":1,"minecraft:cyan_wool":1,"minecraft:diamond_pickaxe":1,"minecraft:spider_eye":3,"minecraft:bamboo":1,"minecraft:light_gray_dye":2,"minecraft:blue_orchid":3,"minecraft:bow":1,"farmersdelight:tomato":3,"iceandfire:dragon_skull_lightning":2,"boh:kindness_flower":1,"minecraft:moss_block":102,"minecraft:brown_mushroom":1,"minecraft:birch_planks":1,"minecraft:golden_pickaxe":1,"mowziesmobs:umvuthana_mask_faith":2,"cfm:black_kitchen_sink":1,"minecraft:cobblestone_stairs":1,"minecraft:orange_carpet":5,"minecraft:cornflower":2,"minecraft:mutton":1,"usefulbackpacks:backpack_small":1,"twilightforest:cracked_etched_nagastone":31,"iceandfire:ash":6,"twilightforest:twilight_oak_stairs":11,"minecraft:gravel":4,"minecraft:white_tulip":1,"minecraft:blackstone":5,"minecraft:mangrove_roots":2,"minecraft:pointed_dripstone":16,"minecraft:acacia_stairs":9,"minecraft:leather_chestplate":1,"supplementaries:ash":2,"minecraft:azalea":4,"minecraft:iron_bars":1,"minecraft:arrow":8,"twilightforest:nagastone_pillar":47,"minecraft:bread":2,"cfm:gray_kitchen_counter":16,"minecraft:mangrove_propagule":1,"twilightforest:twilight_oak_slab":2,"cfm:gray_kitchen_drawer":8,"minecraft:stick":1,"minecraft:magenta_bed":1,"minecraft:torch":2,"twilightforest:spiral_bricks":16,"tombstone:grave_key":5,"minecraft:white_concrete":128,"minecraft:brown_wool":2,"tombstone:grave_dust":1,"minecraft:iron_axe":3,"twilightforest:raven_feather":2,"cfm:stripped_spruce_coffee_table":2,"minecraft:bucket":1,"minecraft:dandelion":3,"iceandfire:dragonbone":1,"minecraft:redstone":1,"alexsmobs:maggot":1,"minecraft:sweet_berries":1,"minecraft:oak_trapdoor":4,"minecraft:coarse_dirt":10,"minecraft:tuff":18,"minecraft:raw_iron":2,"farmersdelight:cabbage_seeds":4,"cfm:white_sofa":3,"minecraft:ender_eye":2,"minecraft:acacia_leaves":2,"minecraft:deepslate_bricks":1,"twilightforest:mossy_etched_nagastone":18,"farmersdelight:flint_knife":1,"iceandfire:copper_sword":1,"mowziesmobs:umvuthana_mask_misery":2,"minecraft:iron_chestplate":1,"minecraft:oak_sapling":1,"minecraft:stone_pickaxe":3,"minecraft:wooden_pickaxe":1},"minecraft:mined":{"twilightforest:cracked_etched_nagastone":9,"minecraft:white_bed":11,"minecraft:black_terracotta":70,"iceandfire:copper_pile":12,"minecraft:obsidian":20,"minecraft:granite":191,"minecraft:acacia_log":84,"minecraft:deepslate_bricks":101,"minecraft:oxeye_daisy":33,"twilightforest:nagastone_pillar":25,"minecraft:chiseled_stone_bricks":1,"minecraft:spawner":9,"minecraft:tall_seagrass":3,"minecraft:magma_block":8,"cfm:spruce_kitchen_drawer":1,"minecraft:cobbled_deepslate":20,"minecraft:fire":7,"twilightforest:twilight_oak_wood":14,"minecraft:moss_carpet":2,"minecraft:pumpkin":5,"minecraft:deepslate_lapis_ore":15,"cfm:gray_kitchen_drawer":13,"iceandfire:gold_pile":89,"minecraft:polished_deepslate_slab":1,"minecraft:water_cauldron":1,"minecraft:dirt_path":1,"minecraft:small_amethyst_bud":2,"minecraft:deepslate_brick_stairs":23,"farmersdelight:rice_panicles":7,"minecraft:pink_tulip":19,"minecraft:blue_orchid":4,"farmersdelight:rich_soil_farmland":11,"minecraft:tripwire":5,"minecraft:orange_bed":2,"minecraft:brown_mushroom":11,"alexscaves:amber":13,"minecraft:smoker":10,"iceandfire:podium_acacia":1,"minecraft:torch":18,"twilightforest:spiral_bricks":4,"minecraft:melon":1,"minecraft:dead_bush":2,"farmersdelight:cabbages":22,"minecraft:glass":19,"minecraft:sugar_cane":5,"minecraft:damaged_anvil":1,"minecraft:bricks":2,"minecraft:white_terracotta":2,"cfm:black_kitchen_sink":4,"minecraft:black_concrete_powder":3,"minecraft:tinted_glass":4,"minecraft:wheat":6,"twilightforest:twilight_oak_planks":321,"minecraft:grass":1087,"butchersdelight:hook":14,"cfm:gray_kitchen_counter":14,"twilightforest:twilight_oak_sapling":2,"minecraft:smooth_basalt":1,"minecraft:red_mushroom_block":45,"minecraft:stonecutter":2,"twilightforest:canopy_log":2,"minecraft:deepslate":956,"minecraft:purple_glazed_terracotta":4,"minecraft:yellow_terracotta":1,"iceandfire:silver_ore":56,"minecraft:mossy_cobblestone":2,"farmersdelight:wild_carrots":22,"minecraft:dark_oak_log":1,"butchersdelight:deadsheepblock":3,"minecraft:allium":5,"minecraft:stripped_jungle_wood":2,"minecraft:redstone_wire":1,"farmersdelight:wild_cabbages":10,"butchersdelight:deadpigblock":2,"minecraft:moss_block":77,"minecraft:red_mushroom":6,"twilightforest:mushgloom":1,"farmersdelight:wild_onions":4,"twilightforest:etched_nagastone":10,"minecraft:redstone_ore":2,"twilightforest:hollow_canopy_log_horizontal":1,"cfm:stripped_spruce_chair":5,"twilightforest:canopy_planks":2,"twilightforest:twilight_oak_leaves":66,"minecraft:vine":2,"minecraft:cobblestone_slab":2,"minecraft:rail":1,"cfm:white_sofa":21,"minecraft:bamboo":3,"butchersdelight:skullcow":1,"irons_spellbooks:inscription_table":6,"twilightforest:canopy_fence":7,"minecraft:white_wool":9,"minecraft:oak_slab":4,"minecraft:gray_concrete":8,"minecraft:hanging_roots":1,"minecraft:lily_of_the_valley":8,"minecraft:dandelion":21,"boh:kindness_flower":1,"minecraft:cornflower":7,"minecraft:warped_roots":1,"minecraft:campfire":3,"minecraft:copper_ore":60,"minecraft:tall_grass":106,"farmersdelight:wild_tomatoes":4,"minecraft:deepslate_gold_ore":18,"farmersdelight:skillet":3,"minecraft:coarse_dirt":75,"cfm:stripped_spruce_kitchen_sink_light":1,"minecraft:cobblestone_wall":3,"minecraft:spruce_log":56,"minecraft:birch_leaves":16,"minecraft:pitcher_crop":1,"twilightforest:moss_patch":3,"minecraft:gravel":218,"minecraft:sunflower":1,"minecraft:dripstone_block":3,"minecraft:cobweb":107,"minecraft:brown_terracotta":4,"minecraft:acacia_planks":120,"minecraft:stone_bricks":28,"twilightforest:twilight_oak_door":8,"minecraft:fern":4,"minecraft:large_amethyst_bud":3,"minecraft:spruce_planks":13,"minecraft:farmland":1,"farmersdelight:rich_soil":34,"minecraft:cobblestone_stairs":1,"minecraft:spruce_trapdoor":22,"minecraft:cave_vines_plant":2,"minecraft:grass_block":326,"iceandfire:lectern":4,"minecraft:composter":1,"minecraft:raw_iron_block":1,"minecraft:mossy_cobblestone_slab":1,"supplementaries:ash":2,"farmersdelight:wild_rice":7,"minecraft:iron_ore":126,"minecraft:azure_bluet":9,"minecraft:red_tulip":1,"minecraft:pointed_dripstone":8,"minecraft:iron_bars":2,"alexscaves:ambersol":1,"minecraft:spruce_slab":2,"minecraft:deepslate_redstone_ore":34,"twilightforest:twilight_oak_stairs":12,"minecraft:blackstone":25,"farmersdelight:organic_compost":18,"minecraft:medium_amethyst_bud":3,"minecraft:clay":77,"minecraft:light_gray_terracotta":1,"minecraft:chest":6,"minecraft:poppy":6,"twilightforest:twilight_oak_log":231,"supplementaries:wild_flax":6,"minecraft:mushroom_stem":12,"minecraft:cobblestone":95,"minecraft:oak_planks":29,"minecraft:iron_door":3,"minecraft:wall_torch":44,"minecraft:cauldron":1,"minecraft:pink_petals":2,"minecraft:seagrass":7,"cfm:spruce_kitchen_counter":2,"farmersdelight:sandy_shrub":14,"minecraft:acacia_sapling":1,"boh:spinel_ore_ore":56,"minecraft:birch_log":15,"twilightforest:root":11,"minecraft:orange_tulip":4,"minecraft:oak_log":33,"minecraft:acacia_fence":3,"minecraft:dirt":257,"minecraft:sand":179,"minecraft:netherrack":4,"minecraft:oak_leaves":40,"cfm:stripped_spruce_coffee_table":2,"iceandfire:lightning_lily":1,"minecraft:diamond_ore":1,"minecraft:tuff":70,"farmersdelight:onions":11,"minecraft:deepslate_diamond_ore":46,"butchersdelight:rack":11,"minecraft:mangrove_roots":4,"minecraft:glow_lichen":4,"minecraft:ladder":1,"minecraft:brown_mushroom_block":18,"iceandfire:chared_dirt":1,"farmersdelight:tomatoes":16,"minecraft:spruce_leaves":30,"minecraft:mangrove_propagule":1,"minecraft:rooted_dirt":3,"minecraft:large_fern":1,"minecraft:oak_trapdoor":4,"minecraft:furnace":14,"minecraft:carrots":1,"minecraft:nether_sprouts":1,"twilightforest:naga_trophy":1,"minecraft:acacia_stairs":8,"minecraft:stripped_spruce_log":121,"minecraft:black_concrete":96,"butchersdelight:deadchickenblockskinned":1,"minecraft:gold_block":1,"minecraft:bookshelf":111,"twilightforest:firefly_jar":3,"farmersdelight:rope":32,"minecraft:deepslate_iron_ore":53,"minecraft:white_tulip":18,"minecraft:stone":733,"minecraft:podzol":43,"minecraft:acacia_leaves":52,"minecraft:scaffolding":2,"minecraft:basalt":1,"twilightforest:twilight_oak_slab":12,"minecraft:spruce_door":2,"minecraft:crafting_table":32,"farmersdelight:straw_bale":1,"minecraft:andesite_slab":1,"minecraft:deepslate_coal_ore":116,"minecraft:lapis_ore":1,"twilightforest:mayapple":28,"minecraft:spruce_stairs":4,"supplementaries:urn":28,"farmersdelight:wild_beetroots":9,"minecraft:birch_planks":10,"minecraft:sweet_berry_bush":18,"cfm:stripped_spruce_table":9,"minecraft:gray_bed":5,"minecraft:coal_ore":252,"minecraft:cherry_leaves":1,"minecraft:flower_pot":1,"minecraft:cracked_stone_bricks":73,"minecraft:terracotta":132,"minecraft:polished_andesite":1}},"DataVersion":3465}