{"stats":{"minecraft:used":{"minecraft:iron_shovel":30,"minecraft:shield":80,"minecraft:iron_sword":217,"minecraft:stripped_jungle_wood":3,"minecraft:jungle_planks":11,"minecraft:nether_bricks":10,"minecraft:deepslate_brick_slab":2,"minecraft:obsidian":2,"minecraft:cyan_terracotta":23,"minecraft:lava_bucket":12,"mowziesmobs:umvuthana_mask_faith":1,"mowziesmobs:umvuthana_mask_rage":2,"minecraft:bow":1,"minecraft:hay_block":1,"supplementaries:ash":1,"minecraft:furnace":10,"minecraft:stone_pickaxe":259,"minecraft:oak_planks":23,"minecraft:blackstone":51,"minecraft:wooden_pickaxe":27,"minecraft:sand":17,"minecraft:dripstone_block":2,"minecraft:shears":19,"iceandfire:armor_copper_metal_chestplate":1,"minecraft:bread":41,"minecraft:polished_granite":2,"tombstone:grave_key":2,"farmersdelight:ham":2,"minecraft:diamond_sword":391,"minecraft:andesite":11,"minecraft:coarse_dirt":1,"minecraft:stone_sword":36,"iceandfire:armor_copper_metal_leggings":1,"minecraft:tropical_fish":3,"minecraft:netherrack":107,"iceandfire:armor_copper_metal_boots":1,"minecraft:stick":1,"minecraft:dirt":41,"minecraft:cobblestone_wall":2,"alexsmobs:cooked_kangaroo_meat":2,"minecraft:iron_axe":105,"minecraft:iron_boots":1,"minecraft:basalt":215,"iceandfire:armor_copper_metal_helmet":1,"tombstone:gift":7,"minecraft:cooked_beef":4,"minecraft:cobbled_deepslate":12,"minecraft:acacia_planks":6,"minecraft:pointed_dripstone":7,"minecraft:cooked_mutton":1,"minecraft:water_bucket":21,"iceandfire:fire_dragon_flesh":4,"minecraft:red_nether_bricks":18,"iceandfire:chared_dirt":23,"minecraft:terracotta":17,"minecraft:crafting_table":19,"minecraft:diamond_pickaxe":722,"iceandfire:dragonbone_sword_fire":128,"minecraft:iron_pickaxe":523,"minecraft:cobblestone":159,"minecraft:cooked_porkchop":5,"minecraft:bucket":33,"minecraft:yellow_bed":9,"butchersdelight:rack":2},"minecraft:custom":{"minecraft:interact_with_crafting_table":67,"minecraft:open_barrel":22,"minecraft:leave_game":16,"minecraft:time_since_death":559,"minecraft:damage_resisted":0,"minecraft:sprint_one_cm":848057,"minecraft:damage_blocked_by_shield":3210,"minecraft:drop":149,"minecraft:talked_to_villager":3,"minecraft:play_time":420325,"minecraft:deaths":75,"minecraft:jump":9543,"minecraft:walk_on_water_one_cm":130234,"minecraft:interact_with_furnace":35,"minecraft:sleep_in_bed":6,"tombstone:sneak_grave":6,"minecraft:damage_dealt":30753,"minecraft:crouch_one_cm":39839,"tombstone:undead_killed":28,"tombstone:villager_killed":1,"minecraft:mob_kills":106,"minecraft:damage_dealt_resisted":174,"minecraft:climb_one_cm":4937,"minecraft:walk_one_cm":1046905,"minecraft:sneak_time":14092,"minecraft:walk_under_water_one_cm":55300,"minecraft:total_world_time":420325,"minecraft:time_since_rest":47,"minecraft:damage_taken":23096,"minecraft:swim_one_cm":46780,"minecraft:fly_one_cm":1923995,"minecraft:open_chest":65,"minecraft:fall_one_cm":196471},"minecraft:dropped":{"minecraft:nether_brick_stairs":14,"farmersdelight:iron_knife":1,"boh:kindness_flower":2,"minecraft:moss_block":1,"irons_spellbooks:concentration_amulet":2,"minecraft:cooked_porkchop":1,"mowziesmobs:umvuthana_mask_faith":1,"minecraft:lantern":7,"minecraft:jungle_planks":1,"minecraft:sheaf_pottery_sherd":2,"irons_spellbooks:tarnished_helmet":1,"minecraft:item_frame":1,"minecraft:dirt":15,"minecraft:gray_concrete":12,"mowziesmobs:umvuthana_mask_bliss":1,"iceandfire:chared_gravel":44,"minecraft:gold_nugget":92,"minecraft:bone_block":57,"iceandfire:ash":2,"minecraft:smooth_red_sandstone_slab":3,"minecraft:white_wool":1,"minecraft:blackstone":14,"alexsmobs:gazelle_horn":1,"minecraft:iron_nugget":38,"minecraft:pointed_dripstone":1,"minecraft:deepslate_brick_slab":2,"minecraft:rotten_flesh":3,"supplementaries:ash":3,"minecraft:melon_seeds":1,"minecraft:leather_leggings":2,"minecraft:snort_pottery_sherd":1,"minecraft:red_nether_bricks":14,"minecraft:basalt":33,"minecraft:arrow":4,"minecraft:glass":6,"minecraft:cracked_nether_bricks":2,"minecraft:quartz":2,"iceandfire:chared_grass":8,"minecraft:netherrack":22,"minecraft:bread":1,"minecraft:iron_ingot":1,"minecraft:chiseled_nether_bricks":2,"minecraft:wheat_seeds":231,"minecraft:shelter_pottery_sherd":1,"boh:spinel":10,"minecraft:feather":4,"minecraft:cobblestone":157,"minecraft:stick":3,"tombstone:grave_key":10,"tombstone:grave_dust":1,"minecraft:angler_pottery_sherd":2,"minecraft:bucket":1,"minecraft:furnace":1,"minecraft:soul_soil":3,"minecraft:stone_sword":1,"minecraft:iron_boots":1,"minecraft:nether_bricks":4,"minecraft:oak_sign":2,"minecraft:red_terracotta":5,"minecraft:red_nether_brick_stairs":3,"aether:iron_gloves":1,"minecraft:diamond_chestplate":1,"minecraft:andesite":4,"minecraft:bow":1,"minecraft:terracotta":7},"minecraft:killed":{"minecraft:spider":3,"boh:little_sister":1,"minecraft:skeleton":7,"mowziesmobs:umvuthana_crane":6,"alexsmobs:straddler":1,"boh:rat":2,"minecraft:tropical_fish":5,"alexsmobs:kangaroo":2,"minecraft:cat":1,"boh:big_daddy":1,"alexsmobs:stradpole":2,"irons_spellbooks:necromancer":1,"minecraft:zombie":3,"alexsmobs:maned_wolf":1,"minecraft:blaze":10,"alexsmobs:seagull":2,"iceandfire:fire_dragon":2,"iceandfire:siren":1,"alexsmobs:flying_fish":10,"mowziesmobs:umvuthana":7,"iceandfire:hippocampus":1,"alexsmobs:mudskipper":1,"minecraft:wandering_trader":1,"mowziesmobs:umvuthana_follower_raptor":4,"alexsmobs:emu":4,"alexsmobs:gazelle":5,"minecraft:wither_skeleton":17},"minecraft:crafted":{"minecraft:oak_planks":44,"usefulbackpacks:backpack_small":2,"iceandfire:armor_copper_metal_boots":1,"minecraft:cooked_mutton":1,"butchersdelight:rack":1,"minecraft:glass":6,"iceandfire:armor_copper_metal_chestplate":1,"minecraft:glass_bottle":3,"minecraft:cooked_porkchop":2,"minecraft:crafting_table":9,"farmersdelight:iron_knife":1,"minecraft:wooden_pickaxe":3,"minecraft:iron_helmet":1,"iceandfire:armor_red_chestplate":1,"minecraft:copper_ingot":29,"minecraft:diamond_pickaxe":1,"minecraft:shield":2,"minecraft:stick":52,"minecraft:iron_ingot":25,"usefulbackpacks:backpack_large":2,"minecraft:iron_pickaxe":3,"minecraft:stone_sword":1,"minecraft:shears":1,"iceandfire:dragonbone_sword_fire":1,"iceandfire:armor_copper_metal_leggings":1,"minecraft:furnace":6,"iceandfire:armor_copper_metal_helmet":1,"minecraft:flint_and_steel":1,"minecraft:iron_axe":2,"minecraft:stone_pickaxe":2,"minecraft:cobblestone_wall":6,"usefulbackpacks:backpack_medium":2,"alexsmobs:flying_fish_boots":2,"minecraft:cooked_beef":8,"iceandfire:dragonbone_sword":1,"minecraft:diamond_sword":1,"alexsmobs:cooked_kangaroo_meat":2,"minecraft:iron_sword":1,"minecraft:bucket":2,"minecraft:jungle_planks":24,"minecraft:bread":42,"minecraft:air":0,"minecraft:iron_leggings":2,"minecraft:acacia_planks":68,"minecraft:diamond_chestplate":1},"minecraft:broken":{"minecraft:iron_boots":1,"minecraft:iron_leggings":1,"minecraft:stone_pickaxe":1,"minecraft:diamond_chestplate":1,"minecraft:shield":1,"minecraft:iron_pickaxe":1,"minecraft:iron_helmet":1,"iceandfire:armor_copper_metal_boots":1},"minecraft:killed_by":{"minecraft:wither_skeleton":3,"iceandfire:cyclops":2,"minecraft:creeper":1,"iceandfire:siren":1,"alexsmobs:emu":1,"alexsmobs:elephant":2,"mowziesmobs:umvuthi":16,"irons_spellbooks:citadel_keeper":2,"mowziesmobs:umvuthana":2,"cataclysm:deepling_brute":1,"minecraft:blaze":2,"minecraft:zombie":2,"iceandfire:fire_dragon":24,"irons_spellbooks:summoned_skeleton":1,"irons_spellbooks:necromancer":1,"mutantmonsters:mutant_skeleton":1,"minecraft:skeleton":3},"minecraft:mined":{"irons_spellbooks:armor_pile":2,"minecraft:red_nether_bricks":27,"minecraft:orange_wool":11,"minecraft:brewing_stand":1,"minecraft:obsidian":13,"minecraft:acacia_log":16,"minecraft:grass_block":21,"minecraft:soul_soil":1,"minecraft:oak_wall_sign":1,"minecraft:nether_wart":3,"minecraft:magma_block":8,"minecraft:red_nether_brick_stairs":1,"minecraft:iron_ore":33,"minecraft:fire":15,"minecraft:nether_brick_stairs":7,"minecraft:pointed_dripstone":3,"minecraft:brown_mushroom":4,"minecraft:cyan_terracotta":27,"minecraft:blackstone":129,"minecraft:melon_stem":4,"minecraft:soul_fire":4,"minecraft:amethyst_cluster":1,"minecraft:poppy":4,"minecraft:nether_quartz_ore":1,"minecraft:cobblestone":44,"minecraft:sugar_cane":31,"minecraft:oak_planks":12,"minecraft:seagrass":1,"boh:spinel_ore_ore":14,"minecraft:wheat":143,"minecraft:grass":91,"minecraft:oak_log":12,"minecraft:sand":36,"minecraft:dirt":58,"minecraft:netherrack":126,"minecraft:oak_leaves":7,"minecraft:deepslate":12,"minecraft:suspicious_gravel":1,"iceandfire:lightning_lily":2,"iceandfire:silver_ore":7,"minecraft:deepslate_diamond_ore":14,"minecraft:stripped_mangrove_log":21,"butchersdelight:rack":1,"minecraft:nether_bricks":12,"minecraft:allium":1,"minecraft:decorated_pot":1,"minecraft:jungle_planks":3,"minecraft:stripped_jungle_wood":33,"iceandfire:chared_dirt":1,"minecraft:acacia_slab":3,"minecraft:kelp":1,"minecraft:moss_block":2,"minecraft:cracked_nether_bricks":1,"minecraft:hay_block":50,"minecraft:deepslate_brick_slab":3,"minecraft:furnace":6,"iceandfire:chared_gravel":1,"minecraft:andesite":81,"minecraft:bookshelf":34,"minecraft:deepslate_iron_ore":4,"minecraft:stone":395,"minecraft:bone_block":121,"minecraft:white_wool":8,"minecraft:smithing_table":1,"minecraft:gray_concrete":6,"minecraft:chiseled_nether_bricks":1,"minecraft:basalt":239,"minecraft:dandelion":4,"supplementaries:ashen_basalt":3,"minecraft:spruce_door":1,"minecraft:polished_granite":2,"boh:kindness_flower":1,"minecraft:crafting_table":11,"minecraft:lectern":2,"minecraft:tall_grass":48,"minecraft:copper_ore":20,"minecraft:smooth_red_sandstone_slab":3,"supplementaries:urn":1,"minecraft:red_terracotta":6,"minecraft:coarse_dirt":1,"minecraft:cobblestone_wall":1,"minecraft:mangrove_leaves":2,"minecraft:yellow_bed":11,"minecraft:coal_ore":39,"minecraft:dripstone_block":2,"minecraft:cobweb":2,"minecraft:terracotta":79,"minecraft:acacia_planks":2,"minecraft:stone_bricks":1,"minecraft:mossy_stone_bricks":1,"minecraft:fern":1},"minecraft:picked_up":{"irons_spellbooks:scroll":1,"minecraft:wheat":130,"minecraft:prismarine_shard":2,"minecraft:smithing_table":1,"minecraft:lead":2,"minecraft:diamond_sword":1,"aether:iron_gloves":1,"boh:spinel":24,"minecraft:enchanted_book":2,"tombstone:grave_key":5,"minecraft:brewing_stand":1,"alexsmobs:gazelle_horn":3,"minecraft:string":9,"minecraft:soul_soil":3,"minecraft:raw_copper":102,"minecraft:red_nether_bricks":32,"minecraft:experience_bottle":2,"minecraft:zombie_head":1,"minecraft:oak_sign":2,"minecraft:smooth_red_sandstone_slab":6,"irons_spellbooks:arcane_essence":4,"alexsmobs:emu_feather":2,"minecraft:gold_nugget":168,"minecraft:cobbled_deepslate":12,"minecraft:bucket":1,"iceandfire:dragonscales_red":13,"minecraft:furnace":6,"minecraft:stick":3,"minecraft:sheaf_pottery_sherd":2,"minecraft:acacia_log":17,"minecraft:porkchop":2,"minecraft:pointed_dripstone":12,"tombstone:grave_dust":4,"minecraft:chiseled_nether_bricks":2,"iceandfire:lightning_lily":2,"minecraft:stone_sword":1,"minecraft:rotten_flesh":4,"minecraft:tropical_fish":6,"iceandfire:fire_dragon_heart":2,"minecraft:cyan_terracotta":23,"supplementaries:ash":2,"minecraft:blaze_rod":3,"minecraft:obsidian":12,"alexsmobs:flying_fish":10,"minecraft:cobblestone":428,"minecraft:magma_block":7,"minecraft:feather":31,"minecraft:andesite":81,"butchersdelight:deadpig":3,"minecraft:gray_concrete":12,"irons_spellbooks:concentration_amulet":2,"minecraft:dirt":77,"minecraft:lantern":7,"minecraft:polished_granite":2,"minecraft:glass":3,"minecraft:bone":24,"farmersdelight:iron_knife":1,"minecraft:bow":2,"minecraft:wheat_seeds":277,"minecraft:deepslate_brick_slab":4,"minecraft:moss_block":2,"minecraft:oak_planks":23,"minecraft:cooked_porkchop":4,"iceandfire:shiny_scales":2,"butchersdelight:cow_hide":8,"iceandfire:dragon_skull_fire":2,"minecraft:jungle_planks":3,"minecraft:sand":35,"minecraft:nether_brick_stairs":13,"farmersdelight:ham":2,"minecraft:red_terracotta":10,"minecraft:orange_wool":9,"minecraft:bundle":1,"alexsmobs:kangaroo_hide":1,"minecraft:diamond":14,"minecraft:angler_pottery_sherd":2,"waystones:waystone":1,"minecraft:bread":1,"minecraft:netherrack":128,"iceandfire:raw_silver":7,"minecraft:coarse_dirt":1,"minecraft:shelter_pottery_sherd":1,"minecraft:crafting_table":11,"minecraft:allium":1,"iceandfire:witherbone":10,"minecraft:nether_wart":8,"minecraft:leather_leggings":1,"irons_spellbooks:tarnished_helmet":2,"minecraft:brown_mushroom":4,"usefulbackpacks:backpack_medium":1,"minecraft:stripped_mangrove_log":13,"minecraft:netherite_scrap":1,"minecraft:item_frame":1,"minecraft:iron_shovel":1,"minecraft:blackstone":131,"butchersdelight:dead_cow":8,"minecraft:beef":16,"minecraft:iron_nugget":76,"minecraft:poppy":4,"minecraft:lectern":2,"minecraft:sugar_cane":45,"minecraft:egg":1,"minecraft:raw_iron":37,"iceandfire:dragonbone":17,"minecraft:copper_ingot":1,"iceandfire:chared_grass":4,"mowziesmobs:umvuthana_mask_faith":2,"butchersdelight:deadsheep":7,"minecraft:arrow":6,"minecraft:diamond_chestplate":1,"minecraft:nether_bricks":14,"iceandfire:chared_dirt":17,"minecraft:hay_block":50,"mowziesmobs:umvuthana_mask_bliss":2,"minecraft:mutton":5,"minecraft:bone_block":178,"alexsmobs:kangaroo_meat":2,"minecraft:white_wool":22,"minecraft:basalt":248,"minecraft:leather":31,"minecraft:oak_log":12,"minecraft:yellow_bed":11,"minecraft:cobblestone_wall":1,"butchersdelight:rack":1,"minecraft:red_nether_brick_stairs":3,"mowziesmobs:umvuthana_mask_rage":2,"boh:kindness_flower":2,"minecraft:iron_ingot":3,"mowziesmobs:umvuthana_mask_misery":2,"iceandfire:fire_dragon_flesh":6,"minecraft:book":103,"minecraft:dandelion":4,"iceandfire:ash":2,"minecraft:quartz":2,"minecraft:cracked_nether_bricks":2,"minecraft:dripstone_block":2,"minecraft:amethyst_shard":4,"minecraft:spider_eye":1,"butchersdelight:sheephide":7,"minecraft:snort_pottery_sherd":1,"minecraft:stripped_jungle_wood":10,"minecraft:terracotta":21,"tombstone:magic_scroll":1,"minecraft:acacia_slab":1,"minecraft:melon_seeds":1,"iceandfire:chared_gravel":23,"minecraft:coal":67}},"DataVersion":3465}