{"stats":{"minecraft:used":{"minecraft:stone_sword":235,"minecraft:iron_shovel":2,"minecraft:ladder":3,"minecraft:poppy":1,"minecraft:shield":1,"minecraft:iron_sword":46,"minecraft:cooked_salmon":1,"minecraft:player_head":1,"minecraft:torch":6,"minecraft:dirt":30,"twilightforest:sorting_door":1,"minecraft:spruce_stairs":2,"minecraft:tuff":1,"minecraft:iron_axe":13,"minecraft:acacia_slab":1,"twilightforest:canopy_door":1,"minecraft:stone_bricks":1,"minecraft:item_frame":1,"minecraft:furnace":4,"tombstone:gift":2,"minecraft:cooked_beef":1,"minecraft:cobbled_deepslate":1,"minecraft:acacia_planks":39,"tombstone:scroll_of_knowledge":2,"alexsmobs:cooked_catfish":2,"minecraft:water_bucket":45,"minecraft:stone_pickaxe":49,"minecraft:polished_andesite":2,"minecraft:blackstone":2,"minecraft:wooden_pickaxe":10,"minecraft:cobblestone_slab":1,"minecraft:deepslate_bricks":2,"minecraft:terracotta":5,"minecraft:mangrove_trapdoor":1,"minecraft:crafting_table":8,"minecraft:magenta_bed":2,"minecraft:deepslate_brick_stairs":1,"waystones:waystone":2,"twilightforest:firefly":2,"minecraft:bread":41,"minecraft:iron_pickaxe":69,"minecraft:stone_axe":111,"minecraft:blackstone_slab":7,"minecraft:potion":1,"minecraft:polished_blackstone_button":4,"minecraft:oak_boat":5,"minecraft:bucket":46,"alexsmobs:animal_dictionary":1,"minecraft:experience_bottle":3},"minecraft:custom":{"minecraft:mob_kills":24,"minecraft:interact_with_crafting_table":26,"minecraft:open_barrel":29,"minecraft:interact_with_campfire":1,"minecraft:damage_dealt_resisted":0,"minecraft:eat_cake_slice":6,"minecraft:leave_game":5,"minecraft:time_since_death":9158,"minecraft:climb_one_cm":9055,"minecraft:damage_resisted":0,"minecraft:sprint_one_cm":666267,"minecraft:walk_one_cm":434434,"minecraft:damage_blocked_by_shield":15,"minecraft:drop":128,"minecraft:talked_to_villager":15,"minecraft:play_time":214264,"minecraft:sneak_time":4712,"minecraft:deaths":15,"minecraft:walk_under_water_one_cm":90435,"minecraft:boat_one_cm":711230,"minecraft:jump":4334,"minecraft:walk_on_water_one_cm":85122,"minecraft:total_world_time":214264,"minecraft:interact_with_furnace":12,"minecraft:interact_with_grindstone":1,"minecraft:sleep_in_bed":1,"minecraft:waystone_activated":3,"minecraft:time_since_rest":6759,"minecraft:damage_taken":7461,"minecraft:damage_dealt":4784,"minecraft:swim_one_cm":251420,"minecraft:fly_one_cm":3869876,"minecraft:open_chest":80,"minecraft:crouch_one_cm":11639,"tombstone:undead_killed":3,"minecraft:interact_with_smoker":3,"minecraft:fall_one_cm":110832},"minecraft:dropped":{"minecraft:golden_boots":2,"minecraft:bread":1,"minecraft:wheat_seeds":459,"minecraft:lilac":2,"minecraft:mangrove_trapdoor":1,"minecraft:glass_bottle":2,"minecraft:crafting_table":1,"minecraft:orange_tulip":1,"minecraft:cobblestone":8,"minecraft:leather":5,"minecraft:saddle":1,"minecraft:spruce_stairs":1,"minecraft:acacia_log":4,"minecraft:coal":8,"minecraft:leather_helmet":2,"farmersdelight:rice":12,"bossominium:the_bossdexium":1,"minecraft:red_mushroom":1,"minecraft:stick":6,"minecraft:dirt":3,"minecraft:deepslate_brick_stairs":1,"minecraft:torch":6,"tombstone:grave_key":4,"tombstone:grave_dust":4,"minecraft:bone_meal":1,"minecraft:pumpkin":1,"minecraft:polished_blackstone_bricks":1,"minecraft:iron_shovel":1,"butchersdelight:deadpig":2,"minecraft:white_wool":4,"minecraft:acacia_planks":12,"minecraft:armor_stand":2,"minecraft:gold_ingot":2,"minecraft:kelp":9,"alexsmobs:gazelle_horn":2,"minecraft:golden_chestplate":1,"minecraft:stone_sword":3,"alexsmobs:animal_dictionary":1,"minecraft:andesite_slab":1,"butchersdelight:deadsheep":3,"minecraft:wheat":1,"minecraft:light_gray_wool":1,"minecraft:clay_ball":4,"aether:leather_gloves":3,"minecraft:red_terracotta":5,"iceandfire:shiny_scales":1,"minecraft:poppy":1,"minecraft:leather_chestplate":1,"minecraft:cobblestone_slab":2,"minecraft:allium":13,"minecraft:skeleton_skull":1,"minecraft:charcoal":36,"minecraft:golden_leggings":2,"iceandfire:pixie_dust":2,"minecraft:leather_leggings":1,"minecraft:stone_pressure_plate":1,"minecraft:bamboo":4,"minecraft:painting":1,"minecraft:stone_pickaxe":1,"minecraft:wooden_pickaxe":1},"minecraft:killed":{"guardvillagers:guard":2,"minecraft:skeleton":1,"mowziesmobs:umvuthana":1,"minecraft:salmon":2,"minecraft:creeper":1,"minecraft:sheep":10,"alexsmobs:catfish":2,"minecraft:zombie":2,"alexsmobs:gazelle":2,"boh:seed_eater":1},"minecraft:crafted":{"minecraft:oak_planks":20,"minecraft:furnace":1,"minecraft:iron_axe":1,"minecraft:ladder":3,"minecraft:stone_pickaxe":1,"alexsmobs:cooked_catfish":2,"minecraft:magenta_dye":1,"minecraft:wheat":144,"minecraft:golden_boots":1,"minecraft:magenta_bed":1,"minecraft:crafting_table":4,"minecraft:wooden_pickaxe":1,"minecraft:iron_sword":1,"minecraft:cooked_salmon":1,"minecraft:stone_axe":1,"minecraft:bread":110,"minecraft:air":0,"minecraft:oak_boat":1,"minecraft:iron_chestplate":1,"minecraft:stick":20,"minecraft:iron_ingot":3,"minecraft:stone_sword":1,"minecraft:white_bed":1,"minecraft:acacia_planks":64},"minecraft:broken":{"minecraft:stone_axe":1},"minecraft:killed_by":{"minecraft:player":2,"iceandfire:cyclops":1,"alexsmobs:elephant":1,"minecraft:drowned":1,"iceandfire:sea_serpent":3,"irons_spellbooks:necromancer":1,"minecraft:skeleton":2,"minecraft:zombie":1,"alexsmobs:grizzly_bear":1},"minecraft:mined":{"minecraft:yellow_terracotta":4,"twilightforest:firefly":9,"minecraft:tuff":2,"minecraft:stone_pressure_plate":1,"minecraft:cobbled_deepslate_stairs":1,"minecraft:mangrove_wall_sign":4,"butchersdelight:deadsheepblock":1,"minecraft:allium":1,"minecraft:acacia_log":20,"minecraft:grass_block":7,"minecraft:redstone_wire":1,"minecraft:red_mushroom":1,"minecraft:deepslate_bricks":2,"minecraft:mangrove_trapdoor":1,"farmersdelight:tomatoes":3,"minecraft:acacia_slab":1,"minecraft:kelp":3,"minecraft:large_fern":2,"minecraft:hay_block":16,"minecraft:polished_blackstone_bricks":1,"minecraft:tall_seagrass":6,"minecraft:furnace":3,"farmersdelight:wild_rice":6,"minecraft:polished_blackstone_button":3,"minecraft:iron_ore":3,"minecraft:cobbled_deepslate":1,"twilightforest:twilight_oak_wood":1,"minecraft:andesite":1,"minecraft:green_terracotta":2,"twilightforest:twilight_oak_leaves":8,"minecraft:pumpkin":1,"minecraft:azure_bluet":1,"minecraft:vine":3,"minecraft:cobblestone_slab":1,"minecraft:iron_bars":1,"minecraft:deepslate_brick_stairs":2,"minecraft:packed_ice":1,"minecraft:stone":51,"minecraft:acacia_leaves":13,"minecraft:scaffolding":1,"minecraft:blackstone":2,"minecraft:kelp_plant":11,"minecraft:player_wall_head":1,"minecraft:melon_stem":2,"minecraft:basalt":4,"minecraft:crafting_table":5,"minecraft:torch":2,"minecraft:blackstone_slab":6,"minecraft:poppy":3,"minecraft:dead_bush":1,"twilightforest:twilight_oak_log":3,"minecraft:andesite_slab":3,"minecraft:campfire":1,"farmersdelight:cabbages":3,"minecraft:glass":4,"minecraft:tall_grass":16,"minecraft:lapis_ore":5,"minecraft:wall_torch":3,"minecraft:skeleton_skull":1,"minecraft:spruce_stairs":4,"minecraft:seagrass":5,"minecraft:red_terracotta":5,"twilightforest:cicada":1,"minecraft:wheat":221,"minecraft:magenta_bed":2,"minecraft:birch_leaves":1,"minecraft:tnt":2,"minecraft:stone_brick_stairs":2,"minecraft:oak_log":5,"minecraft:grass":95,"minecraft:coal_ore":4,"minecraft:acacia_fence":1,"minecraft:sand":1,"minecraft:dirt":11,"minecraft:cracked_stone_bricks":2,"minecraft:terracotta":5,"minecraft:acacia_planks":13,"minecraft:polished_andesite":2,"minecraft:stone_bricks":2,"minecraft:oak_leaves":3,"minecraft:fern":1},"minecraft:picked_up":{"minecraft:charcoal":20,"minecraft:crafting_table":5,"minecraft:wheat":182,"minecraft:allium":14,"minecraft:clay_ball":4,"minecraft:leather_leggings":1,"minecraft:enchanted_book":1,"tombstone:grave_key":3,"minecraft:shield":2,"aether:leather_gloves":1,"alexsmobs:gazelle_horn":2,"minecraft:iron_shovel":1,"minecraft:iron_leggings":1,"minecraft:item_frame":16,"minecraft:armor_stand":2,"minecraft:experience_bottle":2,"minecraft:blackstone":2,"butchersdelight:dead_cow":3,"minecraft:cobbled_deepslate":1,"minecraft:iron_pickaxe":1,"minecraft:oak_boat":2,"minecraft:cobblestone_slab":3,"minecraft:player_head":2,"minecraft:poppy":2,"minecraft:light_gray_wool":1,"minecraft:iron_boots":1,"minecraft:furnace":3,"minecraft:stick":3,"minecraft:raw_iron":3,"minecraft:torch":10,"minecraft:acacia_log":20,"minecraft:spruce_stairs":3,"minecraft:polished_blackstone_bricks":1,"tombstone:grave_dust":4,"twilightforest:firefly":9,"minecraft:mangrove_trapdoor":2,"minecraft:golden_chestplate":1,"minecraft:stone_pressure_plate":1,"minecraft:tnt":2,"minecraft:stone_sword":3,"butchersdelight:deadsheep":16,"minecraft:diamond_chestplate":1,"minecraft:deepslate_bricks":2,"minecraft:hay_block":16,"minecraft:yellow_terracotta":2,"mowziesmobs:umvuthana_mask_bliss":1,"minecraft:gold_ingot":3,"minecraft:deepslate_brick_stairs":2,"minecraft:skeleton_skull":1,"minecraft:white_wool":9,"minecraft:cobblestone":51,"minecraft:leather_chestplate":1,"minecraft:lilac":2,"farmersdelight:rice":12,"minecraft:salmon":1,"minecraft:leather":2,"minecraft:golden_leggings":2,"minecraft:blackstone_slab":7,"minecraft:red_mushroom":1,"butchersdelight:deadpig":2,"minecraft:tuff":1,"minecraft:oak_log":5,"minecraft:golden_boots":1,"minecraft:magenta_bed":3,"minecraft:lapis_lazuli":31,"minecraft:dirt":32,"minecraft:acacia_planks":15,"minecraft:stone_bricks":1,"minecraft:kelp":9,"minecraft:orange_tulip":1,"minecraft:wheat_seeds":393,"minecraft:iron_ingot":3,"minecraft:glass_bottle":1,"minecraft:bamboo":4,"minecraft:book":6,"minecraft:pumpkin":1,"iceandfire:shiny_scales":1,"minecraft:red_terracotta":5,"minecraft:leather_helmet":1,"alexsmobs:raw_catfish":2,"minecraft:polished_andesite":2,"waystones:waystone":3,"minecraft:polished_blackstone_button":4,"minecraft:crossbow":2,"minecraft:painting":1,"minecraft:bone_meal":1,"minecraft:bread":1,"minecraft:emerald":3,"minecraft:terracotta":5,"minecraft:acacia_slab":1,"minecraft:coal":10,"minecraft:andesite_slab":1}},"DataVersion":3465}