{"stats":{"minecraft:used":{"minecraft:stone_pickaxe":28,"minecraft:wooden_pickaxe":12,"minecraft:iron_sword":17,"minecraft:rotten_flesh":2,"minecraft:torch":6,"minecraft:dirt":12,"minecraft:crafting_table":3,"minecraft:dark_oak_planks":10,"minecraft:black_wool":5,"minecraft:bread":5,"minecraft:iron_pickaxe":5,"minecraft:iron_boots":1,"minecraft:gravel":4,"minecraft:stone_bricks":3,"minecraft:item_frame":1,"minecraft:cobblestone":26,"minecraft:hay_block":1,"alexsmobs:animal_dictionary":1,"minecraft:coarse_dirt":5,"minecraft:acacia_planks":4,"minecraft:experience_bottle":1},"minecraft:custom":{"minecraft:mob_kills":4,"minecraft:interact_with_crafting_table":3,"minecraft:leave_game":4,"minecraft:time_since_death":21394,"minecraft:damage_resisted":0,"minecraft:time_since_rest":18995,"minecraft:sprint_one_cm":93262,"minecraft:damage_taken":544,"minecraft:walk_one_cm":192159,"minecraft:drop":8,"minecraft:damage_dealt":808,"minecraft:swim_one_cm":14187,"minecraft:talked_to_villager":6,"minecraft:fly_one_cm":126789,"minecraft:open_chest":16,"minecraft:crouch_one_cm":442,"minecraft:play_time":35917,"tombstone:undead_killed":1,"minecraft:deaths":1,"minecraft:sneak_time":376,"minecraft:walk_under_water_one_cm":3577,"minecraft:jump":922,"minecraft:walk_on_water_one_cm":6356,"minecraft:total_world_time":35917,"minecraft:fall_one_cm":20482},"minecraft:dropped":{"minecraft:wheat_seeds":194,"minecraft:item_frame":3,"minecraft:leather_leggings":1,"minecraft:stone_pickaxe":1},"minecraft:killed":{"minecraft:cave_spider":1,"minecraft:spider":2,"minecraft:zombie":1},"minecraft:crafted":{"minecraft:wooden_pickaxe":1,"minecraft:stick":4,"minecraft:stone_pickaxe":1,"minecraft:acacia_planks":20,"minecraft:dark_oak_planks":12,"minecraft:wheat":18},"minecraft:mined":{"iceandfire:silver_ore":2,"minecraft:stripped_dark_oak_log":2,"minecraft:dark_oak_log":1,"minecraft:crafting_table":3,"minecraft:acacia_log":8,"minecraft:grass_block":8,"minecraft:glass":10,"minecraft:green_stained_glass_pane":1,"minecraft:wall_torch":6,"minecraft:hay_block":3,"minecraft:coarse_dirt":5,"minecraft:iron_ore":3,"minecraft:wheat":76,"minecraft:lime_stained_glass_pane":1,"minecraft:grass":5,"minecraft:gravel":4,"minecraft:dirt":8,"minecraft:stone_bricks":4,"minecraft:stone":30},"minecraft:picked_up":{"minecraft:crafting_table":3,"minecraft:coarse_dirt":5,"minecraft:wheat":70,"minecraft:enchanted_book":1,"minecraft:string":3,"minecraft:dirt":16,"minecraft:item_frame":5,"minecraft:iron_leggings":1,"minecraft:armor_stand":1,"minecraft:experience_bottle":1,"minecraft:stone_bricks":3,"minecraft:wheat_seeds":197,"minecraft:iron_ingot":6,"minecraft:stone_pickaxe":1,"minecraft:iron_sword":1,"minecraft:raw_iron":3,"minecraft:torch":6,"minecraft:acacia_log":7,"minecraft:gravel":4,"minecraft:dark_oak_log":1,"minecraft:spider_eye":2,"minecraft:rotten_flesh":2,"minecraft:hay_block":3,"minecraft:gold_ingot":1,"minecraft:stripped_dark_oak_log":2,"iceandfire:raw_silver":2,"minecraft:cobblestone":29}},"DataVersion":3465}